,Unnamed: 0.3,Unnamed: 0.2,Unnamed: 0.1,Unnamed: 0,area,equivalent_diameter,orientation,major_axis_length,minor_axis_length,perimeter,min_intensity,mean_intensity,max_intensity,solidity,eccentricity,centroid_local-0,centroid_local-1,feret_diameter_max,moments-0-0,moments-0-1,moments-0-2,moments-0-3,moments-1-0,moments-1-1,moments-1-2,moments-1-3,moments-2-0,moments-2-1,moments-2-2,moments-2-3,moments-3-0,moments-3-1,moments-3-2,moments-3-3,moments_central-0-0,moments_central-0-1,moments_central-0-2,moments_central-0-3,moments_central-1-0,moments_central-1-1,moments_central-1-2,moments_central-1-3,moments_central-2-0,moments_central-2-1,moments_central-2-2,moments_central-2-3,moments_central-3-0,moments_central-3-1,moments_central-3-2,moments_central-3-3,moments_hu-0,moments_hu-1,moments_hu-2,moments_hu-3,moments_hu-4,moments_hu-5,moments_hu-6,label,major_axis_length/minor_axis_length,perimeter/major_axis_length,perimeter/minor_axis_length,Labels,Filename,Region
0,0,0,0,0,359528.3054999999,676.5838130004474,0.7112959450562228,846.9588150093798,582.8941059216626,2898.222124196,112.0,178.3062271062271,215.0,0.8880936890045543,0.7255019313668021,36.697924297924295,31.75286935286936,978.2567198849184,4095.0,130028.0,5588286.0,276616730.0,150278.0,5316059.0,247003741.0,13028297585.0,7136942.0,268618039.0,12963451589.0,703500314113.0,375743894.0,14751852311.0,727917332905.0,40113891214421.0,4095.0,-3.9804604057280806e-11,1459523.9037851037,6484471.066974619,5.5194959713844576e-11,544301.299389499,7358988.320626225,529664063.01641,1622051.332356533,2050196.334478538,594733643.3147665,5023297373.140238,-5218897.239010951,396098530.17988086,2590212872.225589,351148582153.1949,0.1837659157966331,0.0043082145228675,0.0006471263414788,6.723364420922081e-05,9.552095217863118e-09,1.4848622805854905e-06,-1.0268029021517056e-08,1,1.453023467564803,3.4219162405953623,4.972124601626188,Crystal,"../Images/Additional/L2 2.5, 5, 10 nM/L2 10nM/L2_10nM_05.bmp",1
1,1,1,1,1,556193.3614999999,841.5268161983786,1.5386321312440665,988.6106713894349,750.1326460348527,3602.80826464441,110.0,184.40899763220204,217.0,0.9105936466867904,0.6513533128623477,35.86487766377269,55.218626677190215,1056.2779015013048,6335.0,349810.0,23721652.0,1782484966.0,227204.0,12605997.0,855817385.0,64238415207.0,10688180.0,609430093.0,41762435753.0,3145158319711.0,564712334.0,33019153959.0,2279074053971.0,171846448004661.0,6335.0,3.1391778065881226e-11,4405624.202052094,-13937116.14043958,1.4028955774847418e-10,60104.14443567549,-1594498.58927963,24157979.75606532,2539536.335280189,14932216.146846691,1495409943.4625475,18257409039.146385,-778254.1234412213,-2045888.8550865368,-3596168739.798178,-153337208989.98727,0.1730569520461993,0.0021710814386087,0.0003396702431674,6.488385816563812e-07,8.683625951576532e-12,-2.2530857415082443e-08,-4.168626389873363e-12,2,1.3179144736803017,3.6443145607369103,4.802894906239044,Crystal,"../Images/Additional/L2 2.5, 5, 10 nM/L2 10nM/L2_10nM_05.bmp",2
2,2,2,2,2,2071743.4492999995,1624.13844428201,0.619944836649564,2701.3268360093007,1146.2503627739522,11981.349358638514,102.0,178.76005424418358,219.0,0.7201013152674784,0.905508254469552,103.4247997626817,112.61999406704244,2762.3071483996846,23597.0,2657494.0,355283822.0,52247310400.0,2440515.0,322377985.0,47258145821.0,7370866918459.0,341061457.0,48596799419.0,7432520366719.0,1190405306280497.0,54385457499.0,8096839361209.0,1271025966708269.0,2.069884924031178e+17,23597.0,-5.5138116294983774e-12,55996863.48679915,-377484393.068772,-1.9927881567127767e-10,47527200.17947196,-192038332.7407875,223681422215.5488,88651681.80717896,355477831.4775988,253092029229.93552,-1046935900806.5956,773679722.9416318,336502722269.8401,2764080448100.948,1523620409970970.8,0.2597768733145066,0.0325811397582979,0.0005340011353277,4.6307133308675184e-05,4.338577720078216e-09,2.110607684758187e-06,5.848279860181313e-09,3,2.3566638875228163,4.435357172973076,10.452646077810936,Incomplete,"../Images/Additional/L2 2.5, 5, 10 nM/L2 10nM/L2_10nM_05.bmp",3
3,3,3,3,3,135558.41359999997,415.4495550811012,-1.4446191162251156,579.939047936975,368.16300469331054,2206.782714735718,124.0,177.45012953367876,210.0,0.7598425196850394,0.7726514199410386,14.52461139896373,29.757124352331605,628.5587084751908,1544.0,45945.0,1733365.0,74782473.0,22426.0,639782.0,22489678.0,893444822.0,478204.0,13914556.0,483113896.0,18575341312.0,12006070.0,365030180.0,12920802904.0,499109867288.0,1544.0,-5.7980287238024175e-12,366173.9216321244,1409949.3058446215,2.8705926524708048e-12,-27551.270725388604,-1047081.8594844824,-26078271.77953908,152475.0647668394,484923.10788544687,31609987.682672903,270206522.59051555,631060.6030296121,4071109.5536185657,-9180265.161449425,-603930714.1439017,0.2175599455685739,0.0085698044566073,0.0016219546003333,0.0004289125245031,2.126333092628865e-07,3.906510582044916e-05,2.8769409575947164e-07,4,1.5752235845100175,3.805197671351732,5.994037115635847,Crystal,"../Images/Additional/L2 2.5, 5, 10 nM/L2 10nM/L2_10nM_05.bmp",4
4,4,4,4,4,108429.17149999995,371.55929399850953,-1.3928197202752493,610.6617037856828,242.39814427122283,1796.7191323222053,114.0,152.11012145748987,171.0,0.8612273361227336,0.9178430816207004,10.931174089068826,34.56842105263158,674.705066306753,1235.0,42692.0,1794984.0,84962492.0,13500.0,418550.0,15866044.0,682479902.0,207884.0,6067434.0,213889284.0,8545467750.0,3673878.0,103455038.0,3453470848.0,129781227230.0,1235.0,-2.529532139305957e-12,319188.9684210526,845011.9937950141,3.907985046680551e-13,-48123.6842105263,-428119.034306414,-29341787.3802954,60313.14979757082,-66690.9022799914,14042009.643643744,68481388.04362822,82874.72507334978,-4107115.0787033145,-32822870.51740972,-2076483932.914324,0.2488171372870386,0.0327902140076703,0.0010308146945818,0.0002523420652526,1.2157242864990105e-07,4.055074130204767e-05,-4.2232064533857687e-08,5,2.519250737754842,2.942249564994467,7.412264387271175,Crystal,"../Images/Additional/L2 2.5, 5, 10 nM/L2 10nM/L2_10nM_05.bmp",5
5,5,5,5,5,203952.19869999995,509.58807346770135,-1.5656390394790267,912.4781869666332,302.4151536625381,2209.940864766154,120.0,181.4575979337064,216.0,0.937449556093624,0.943482695867941,12.708996986655189,47.53422298751615,914.7155060454588,2323.0,110422.0,6625668.0,443992192.0,29523.0,1397032.0,80853164.0,5164540390.0,526477.0,25237394.0,1431841998.0,88571997644.0,10850673.0,528347908.0,29576216324.0,1784558456410.0,2323.0,-2.515321284590755e-12,1376844.0292724925,-1848210.3661878416,-6.188827228470473e-12,-6320.865260439092,-2751515.809050193,-42935512.337918855,151269.28196297892,372382.59929741087,69690277.48586057,303643822.3159416,314716.6961747518,1434582.0628472152,-285996690.45259416,-4059686832.2673936,0.2831764540737734,0.0515856579449929,0.0012155174439951,0.0001199772952318,-1.2232879414308156e-08,-1.2872422837383466e-05,4.415403486230852e-08,6,3.017303120943661,2.4219108975226007,7.307639309742407,Incomplete,"../Images/Additional/L2 2.5, 5, 10 nM/L2 10nM/L2_10nM_05.bmp",6
6,6,6,6,6,79017.20999999998,317.18738387054856,-1.5475104049951074,599.7104084660255,191.71528243350323,1790.231455305872,121.0,169.33666666666667,211.0,0.8356545961002786,0.9475256449634344,7.227777777777778,33.885555555555555,666.3249382245873,900.0,30497.0,1263719.0,58772471.0,6505.0,215610.0,8321020.0,355921626.0,70677.0,2299718.0,84969972.0,3437888594.0,901675.0,28919784.0,1038645970.0,40514410548.0,900.0,9.436007530894127e-12,230311.21222222227,342203.8652419754,-8.526512829121202e-14,-4815.538888888887,-486505.68445679016,-2828136.342211379,23660.30555555557,-25600.120061728423,5270115.985967799,-4980494.67050182,48814.4885802469,-324175.9671363167,-10938222.10274027,-111863703.40823498,0.3135450836762689,0.0652299266656256,0.0041501610211331,0.0004941853620044,2.6122844215245463e-08,-3.388135759468793e-05,-7.072472137081501e-07,7,3.128130427860053,2.985159887227956,9.337969475265057,Crystal,"../Images/Additional/L2 2.5, 5, 10 nM/L2 10nM/L2_10nM_05.bmp",7
7,7,7,7,7,359528.3054999999,676.5838130004474,-1.5312679349283418,1258.5091275812824,407.8975651406112,4003.4447214061033,117.0,168.817094017094,207.0,0.7563723679349834,0.9460188102085406,16.723076923076924,64.24713064713065,1340.0410425431005,4095.0,263092.0,21513534.0,2002854994.0,68481.0,4236544.0,326765158.0,28862288272.0,1636683.0,98393578.0,7264524096.0,614107021834.0,45588621.0,2695630120.0,193440715894.0,15843546871288.0,4095.0,4.405364961712621e-13,4610627.903785104,28232937.82093745,1.84101622835442e-11,-163163.75384615382,-12041719.948770529,-290201950.4971422,491469.96923076926,-1301408.5156832868,490575256.95235,122671251.2255815,1780465.0906508851,-31125541.851761147,-828363935.1915053,-44757667367.507095,0.3042572763184426,0.0607181352126905,0.0021446824958552,0.0007213112761562,8.746323805540686e-07,0.0001416016755463,-1.9974550102240737e-07,8,3.0853558224782414,3.1811010613012307,9.814828681377463,Crystal,"../Images/Additional/L2 2.5, 5, 10 nM/L2 10nM/L2_10nM_05.bmp",8
8,8,8,8,8,508519.6447999999,804.6535409939104,1.5352968126512003,1221.6033678073643,576.4305010294664,3637.348816008923,124.0,182.84426795580112,212.0,0.8795747911921032,0.8816714137271752,27.006906077348063,64.68197513812154,1161.3131278427882,5792.0,374638.0,30379342.0,2724478192.0,156424.0,10287466.0,853175814.0,77662721104.0,5600562.0,380222918.0,32168370278.0,2959281317564.0,226544620.0,15957048268.0,1375753266060.0,127745388518122.0,5792.0,2.4840574042173102e-11,6147016.198204419,-35719949.76826913,3.603162213039468e-11,169652.72099447536,10776831.751406044,-137563566.4688329,1376033.7237569063,8803915.753163075,1347061912.3551614,7316611519.594893,965941.0121028052,219174881.9802215,5488813975.288322,173093732287.64133,0.2242522645650425,0.0203278988024445,0.0007431368775834,0.0001322965922979,2.9876577168098484e-08,1.1816950142717678e-05,-2.87772181335722e-08,9,2.1192552538869163,2.977520291661884,6.310125521659352,Crystal,"../Images/Additional/L2 2.5, 5, 10 nM/L2 10nM/L2_10nM_05.bmp",9
9,9,9,9,9,148903.54239999998,435.4191986291245,1.4103569820520665,544.9400737846273,386.6965584074196,2212.7187376585134,116.0,168.1432783018868,199.0,0.8064669519733714,0.7045916518703429,24.025353773584907,28.66745283018868,623.0169298662757,1696.0,48620.0,1747798.0,71786132.0,40747.0,1196182.0,43183992.0,1775570644.0,1164041.0,34036938.0,1202216860.0,48336462516.0,37019605.0,1062097654.0,36276666696.0,1410370514788.0,1696.0,-4.447997525858227e-12,353986.44339622644,1385435.941126736,2.131628207280301e-13,28069.29952830186,-416823.9151722151,17527291.086119756,185079.9097877358,-681902.1625940059,23049195.2807346,-206222188.7337113,159887.5499753853,1382412.8175064009,-43579224.65303303,2193564837.7359104,0.187409037212963,0.0038290843484165,0.0009807258762309,3.997745090041787e-05,6.251099053790603e-09,1.2921747082058591e-06,-4.856349142772137e-09,10,1.4092188356392974,4.060480856713485,5.7221061050334345,Crystal,"../Images/Additional/L2 2.5, 5, 10 nM/L2 10nM/L2_10nM_05.bmp",10
10,10,10,10,10,337140.0959999999,655.179442857458,-0.7334961607803923,760.9070337262497,585.148120262821,3049.093657852282,120.0,160.59505208333334,202.0,0.863697705802969,0.6392320012545023,41.095052083333336,38.91354166666667,853.1332258211492,3840.0,149428.0,7040598.0,367362280.0,157805.0,5819135.0,268344255.0,13863682751.0,7777841.0,274952935.0,12345837171.0,624571595287.0,422795891.0,14461607507.0,632876792103.0,31270616613959.0,3840.0,-2.501110429875553e-12,1225825.2958333327,-2014731.082178828,-2.8379076866258398e-11,-321616.4427083334,4040983.18021918,-243799843.41317165,1292836.3059895828,-1276715.9022976356,322448031.09466654,-2507082877.300699,-3093240.650617825,-204037159.551652,2296142205.0986323,-145053367319.05185,0.1708076715645965,0.0019235330432083,0.0002812510115072,1.4051088793608508e-05,5.839815571602951e-10,2.71877353471688e-07,6.627201710425552e-10,11,1.3003665352022085,4.0071829050134,5.210806550113794,Crystal,"../Images/Additional/L2 2.5, 5, 10 nM/L2 10nM/L2_10nM_05.bmp",11
11,11,11,11,11,21510.2405,165.4922621193023,-1.4662578138507163,330.29893090195657,109.05176739850631,973.0437391143334,122.0,139.0204081632653,161.0,0.5833333333333334,0.943924695028485,9.453061224489796,15.661224489795918,356.5528168448539,245.0,3837.0,78935.0,1902219.0,2316.0,34512.0,698014.0,16870176.0,24152.0,338774.0,6613440.0,157659698.0,271560.0,3547074.0,65857504.0,1529752182.0,245.0,1.7053025658242404e-13,18842.88163265306,75795.04633069552,1.2256862191861728e-13,-1759.395918367347,6945.201132861318,-143325.75875793246,2258.710204081632,-6212.539208663058,110951.5387219951,-624878.7829945789,546.2136109954231,-58044.78962649917,435553.0782394012,-5483827.255123472,0.3515467194791286,0.0797714649196086,0.0105685010128828,0.0055484893457716,4.22309430075808e-05,0.0014286138274295,4.668911775330384e-06,12,3.028826939548351,2.9459487999468106,8.922769087809035,Incomplete,"../Images/Additional/L2 2.5, 5, 10 nM/L2 10nM/L2_10nM_05.bmp",12
12,12,12,12,12,535209.9023999999,825.5000984067335,1.5355984799442266,970.5171240348616,713.5501189378879,3248.745980835949,112.0,173.1479658792651,217.0,0.9377018920166128,0.6778212703556837,39.8128280839895,48.21998031496063,999.0810558207976,6096.0,293949.0,18259337.0,1285952289.0,242699.0,11768986.0,733497166.0,51896566102.0,11874363.0,571657842.0,35057385398.0,2445853499574.0,648549929.0,30823777402.0,1848426249994.0,126391818699946.0,6096.0,-6.0964566728216596e-12,4085122.006397638,11518412.830354571,-1.0658141036401504e-10,66044.9975393707,171944.12887124642,213598420.67639923,2211829.436843832,-6182584.37838175,1047736816.1906524,-4559552368.968774,-320413.96622742893,-24905005.756327327,16438296.72433478,96755768122.243,0.1694495530835554,0.0025537909121037,0.0001074650255776,3.384659939236497e-06,6.415234678529268e-11,1.696873184946402e-07,-7.167192378889882e-12,13,1.3601246755861616,3.347438082627022,4.552933136177841,Crystal,"../Images/Additional/L2 2.5, 5, 10 nM/L2 10nM/L2_10nM_05.bmp",13
13,13,13,13,13,1238287.4775999996,1255.6419012722845,-0.3998521697219038,1785.1728129335204,997.2724938287222,6832.766921040872,114.0,175.89846851956892,223.0,0.73839066017486,0.8294089017543411,89.32444696539989,81.52190867838911,1874.0234248535955,14104.0,1149785.0,107053761.0,10958052623.0,1259832.0,94811291.0,8281110669.0,808524197501.0,141194814.0,9975620803.0,813391029625.0,74379962800537.0,18023566968.0,1221514600613.0,93900185967675.0,8023668482010755.0,14104.0,-7.406697477563283e-11,13321093.230218371,58903803.45956642,-7.252651812450495e-10,-7892618.254112318,5435281.199166176,-14268277866.329674,28661017.330686323,-124842408.45493236,18025174702.53964,-76524369464.18855,291159248.0089018,-25424329444.12801,66788778915.90692,-31944576932860.27,0.2110472363356483,0.0122437061523257,0.0004719712770629,0.0001654118011242,4.3425508633343287e-08,1.7115636190853804e-05,-1.582065227887636e-08,14,1.790055199537186,3.827510071595138,6.851454304939823,Incomplete,"../Images/Additional/L2 2.5, 5, 10 nM/L2 10nM/L2_10nM_05.bmp",14
14,14,14,14,14,2081049.9207,1627.7822500577938,0.118525677292348,2731.806235489386,1106.554642431738,7686.311726620667,106.0,172.69565033961945,215.0,0.877011877011877,0.91428861173244,124.9594144201156,77.6023710078893,2561.834082996008,23703.0,1839409.0,164875271.0,16030586605.0,2961913.0,242211172.0,22214751810.0,2186319524596.0,494569747.0,41501438352.0,3843855445442.0,379999953046320.0,93782204521.0,8000878464394.0,746593812994956.0,7.407883756330528e+16,23703.0,-6.866684998385608e-11,22132771.34674936,-199236412.13474184,7.394191925413907e-10,12359700.480909584,-306249631.04973394,31148807597.804,124450832.95667224,32731487.02308801,111935255411.30733,-897619105931.2655,878452125.25253,131901910952.5663,-1213963696214.2688,252160016640919.1,0.2609028139634864,0.0351016755136152,0.0004435184699921,4.746598521457974e-05,3.642369448196186e-09,6.174116521984024e-06,5.844981549778476e-09,15,2.468749513793584,2.813637229012223,6.946165541115452,Incomplete,"../Images/Additional/L2 2.5, 5, 10 nM/L2 10nM/L2_10nM_05.bmp",15
15,15,15,15,15,556544.5490999998,841.7924496697034,-1.5452244607868737,1022.6861593862384,718.9351215113186,3886.467436141821,116.0,171.4451806278593,214.0,0.8653924914675768,0.7112026533024975,40.89698690645212,53.15444076352737,1085.5055020127718,6339.0,336946.0,22628228.0,1716310942.0,259246.0,13719057.0,914812897.0,68586344721.0,12936330.0,678921377.0,44431210105.0,3255856499957.0,722776702.0,37749339957.0,2430869792845.0,174457639890501.0,6339.0,1.8374635146756188e-11,4718051.802492508,11949327.080725666,5.615419240712072e-11,-61019.15018141733,-4126569.6246955073,-430355372.063578,2333949.7324499134,-3711010.91041756,1252361558.8002934,-2222472472.9288387,2816760.075813167,92031276.26687407,4233464886.0653496,-140137439323.26947,0.1754974839918288,0.0035294184699957,7.461651409517925e-05,6.798525151174321e-06,1.5221032808188826e-10,3.898789058308938e-07,1.6690513070028776e-11,16,1.422501320058458,3.800254262240403,5.405866704594755,Crystal,"../Images/Additional/L2 2.5, 5, 10 nM/L2 10nM/L2_10nM_05.bmp",16
16,16,16,16,16,174803.62789999996,471.76995623444566,-0.1350402421029875,513.5058494916442,445.6314467861634,1959.614486354872,113.0,188.98442993470616,222.0,0.9103795153177868,0.496875982503989,26.824711200401808,26.80462079357107,558.5966188583672,1991.0,53368.0,1713646.0,60827728.0,53408.0,1419272.0,45631690.0,1630361726.0,1804716.0,48061068.0,1536802282.0,54600395130.0,68067512.0,1817157518.0,57575895196.0,2024557902512.0,1991.0,6.195932655828074e-12,283136.9974886991,-284662.9050496172,1.764988155628089e-11,-12309.187343043666,323517.14829086646,-807775.0600171338,372061.82420894,346720.77108717035,35859098.39538934,105569238.1081578,-304375.46494332416,-8696597.16818317,15877585.268139243,-681444181.6104218,0.1652839136479903,0.0005417922028732,0.0001080531791429,1.3480540797819196e-07,4.776902752338428e-14,-2.970205702862531e-09,-5.122709290059139e-13,17,1.1523106216919436,3.8161483229350415,4.397388246469945,Crystal,"../Images/Additional/L2 2.5, 5, 10 nM/L2 10nM/L2_10nM_05.bmp",17
17,17,17,17,17,543989.5923999998,832.243390462215,1.2792337246762022,1105.4961439947444,652.675741073224,3579.635429471436,106.0,179.8812136862492,220.0,0.8872977230416726,0.8071168736634499,39.04260813428018,61.03260167850226,1125.0635125627352,6196.0,378158.0,28180288.0,2325764618.0,241908.0,15731068.0,1211260356.0,101688997744.0,11613784.0,790650390.0,61903160286.0,5224230139086.0,628390470.0,44292114358.0,3507069150762.0,296529552297742.0,6196.0,-4.160938260611147e-11,5100321.414460942,-16723445.331737,7.029399284874671e-11,966793.3931568748,-6983417.635060535,1359875874.960601,2169064.7514525503,6338665.956167392,1424107935.7764022,4332969384.493296,5586162.114143491,776252208.9061726,2877850935.8020496,761976558294.8628,0.1893541910541811,0.0083666863509529,0.0002169874655036,1.202345652299522e-05,5.969000699828967e-10,1.0454509636566573e-06,-1.4445666790530922e-10,18,1.6937907668774812,3.2380352015849763,5.484554127268896,Crystal,"../Images/Additional/L2 2.5, 5, 10 nM/L2 10nM/L2_10nM_05.bmp",18
18,18,18,18,18,551715.7195999998,838.1326098218209,1.0989465322513825,1133.7939149908657,659.2276261146742,3772.91432674241,116.0,180.26527689369829,214.0,0.8551986935220468,0.8135927577666151,40.222151495862505,67.75970719287078,1245.3995484983925,6284.0,425802.0,33816296.0,2927134812.0,252756.0,18667777.0,1548536479.0,137760718663.0,12896860.0,1000643633.0,84774916687.0,7623938790371.0,749223786.0,59676687799.0,5104550339113.0,460532793826849.0,6284.0,6.197353741299594e-11,4964077.1578612365,-36976332.70643838,1.1360157259332482e-10,1541104.448758752,-20477274.143976457,2960282296.1548443,2730469.876511776,2783102.474708099,1998925196.9060583,-16696878095.98106,10833583.203179397,1093980731.043575,-7671112482.630893,1840897303724.367,0.1948546193715231,0.0092916769475415,0.0007425979364799,0.0001288070531726,3.915041551441625e-08,1.1465258593045988e-05,-7.364062548346815e-09,19,1.7198822835644323,3.327689694623918,5.723234550983612,Crystal,"../Images/Additional/L2 2.5, 5, 10 nM/L2 10nM/L2_10nM_05.bmp",19
19,19,19,19,19,4412935.584699999,2370.3847988900507,0.3231108372678694,3274.842946024493,2030.3667112072897,12705.44585457541,108.0,175.02013409466207,221.0,0.7660174347720068,0.7846104759733781,184.1670015717327,109.89600700316336,3268.357542573945,50263.0,5523703.0,778351343.0,127546265467.0,9256786.0,1088410177.0,161984583277.0,27643254298285.0,2064712110.0,250947581109.0,38017408439569.0,6547064389700673.0,504737155036.0,62205057728017.0,9437677998328092.0,1.6188667712633006e+18,50263.0,-2.3283064365386963e-10,171318439.42860556,4354135987.316292,8.323695510625841e-09,71126357.91721532,3004944811.799135,585739401773.5796,359917588.18880683,-2154291531.739084,879421745397.7031,1587604462301.7031,-8084569430.86998,689426619408.1029,-498847951195.3633,3576332643789730.0,0.2102764845834818,0.0087434569583436,0.0012761536728911,9.551546318880816e-05,-7.254949778177056e-09,9.555920018789863e-07,3.254865562538952e-08,20,1.612931756587566,3.8797115049438418,6.25770989272206,Crystal,"../Images/Additional/L2 2.5, 5, 10 nM/L2 10nM/L2_10nM_05.bmp",20
20,20,20,20,20,517650.5223999999,811.8454997550303,1.183852279155472,1160.6625357599978,653.2284030806194,3897.2736970274873,105.0,180.6723202170964,220.0,0.8371432628141418,0.8265886881729971,46.489484396200815,52.26526458616011,1202.3210713033352,5896.0,308156.0,21209918.0,1698731492.0,274102.0,15676056.0,1169919478.0,99612486042.0,15083956.0,919033660.0,71754944638.0,6309277865062.0,902649160.0,57658035210.0,4638401724316.0,416422912322460.0,5896.0,-1.0291500984749291e-10,5104063.126187243,56659096.36996047,-8.059686251726815e-11,1350042.4464043423,42760674.76656158,2871078639.336488,2341095.348032566,5141154.1613558745,1884964154.8723967,46906533129.8232,-16268808.39973609,1010381755.2708404,24122050041.56522,1924716482494.1453,0.214170177531642,0.0123500415198549,0.0031712547897961,0.0006345352794231,8.97381712845228e-07,7.047053161728381e-05,-7.01260330352902e-08,21,1.7768096584384934,3.357800891260409,5.966173054704877,Crystal,"../Images/Additional/L2 2.5, 5, 10 nM/L2 10nM/L2_10nM_05.bmp",21
21,21,21,21,21,216331.5616,524.8255891278842,0.9290438935068472,666.0122090529887,449.4915642680681,2320.3358241351284,113.0,178.0211038961039,222.0,0.8282352941176471,0.7379093055802242,28.84577922077922,39.30925324675325,786.4662487990187,2464.0,96858.0,4433658.0,225225348.0,71076.0,2997090.0,142802350.0,7443676554.0,2556440.0,109546304.0,5245284312.0,273660044756.0,102332544.0,4376025306.0,207974714950.0,10754199322386.0,2464.0,8.114398042380344e-12,626242.349025974,1707324.6850992015,1.7976731214730535e-11,203145.5162337662,-1060966.895592634,130281386.17167868,506197.3961038961,-2665224.7920707534,123298785.58656566,-1304382091.8583927,-613276.4914614585,76951535.17729598,-988404132.1835942,44807691552.721375,0.1865235602299526,0.0048692376895611,0.0011092936695003,4.096536986540292e-05,8.4148388692473e-09,1.9528344799700865e-06,2.334641855429101e-09,22,1.4817012420188422,3.4839238569431688,5.162134305931768,Crystal,"../Images/Additional/L2 2.5, 5, 10 nM/L2 10nM/L2_10nM_05.bmp",22
22,22,22,22,22,692717.5409999999,939.146083702052,-0.2723099999497337,1125.0393955476454,953.4336109287348,4861.55621588718,106.0,184.2079847908745,225.0,0.8304389011682981,0.5308482934363588,64.93447401774398,49.22686945500634,1176.7839664526364,7890.0,388400.0,24370374.0,1745868068.0,512333.0,24701592.0,1592827908.0,118038106266.0,40232235.0,1866889854.0,119861205298.0,8919671628960.0,3436566089.0,152668129086.0,9636078161022.0,711525825359400.0,7890.0,5.684341886080801e-13,5250657.90367554,29243946.178053368,3.0252067517722005e-10,-518957.7084917628,61443817.43148305,-630231984.5352546,6964161.123067171,-46220634.55140437,3434108575.4627843,-50278700881.9922,-80321208.2856462,-934789764.1144408,49295477641.49124,-1851783037477.38,0.1962153730836825,0.0010356196650632,0.0032127296593339,2.1080500488858814e-05,-3.352760222761212e-10,-2.881528169390007e-07,-5.475778965309717e-09,23,1.1799871356032332,4.321231980966033,5.098998147497194,Crystal,"../Images/Additional/L2 2.5, 5, 10 nM/L2 10nM/L2_10nM_05.bmp",23
23,23,23,23,23,64179.53389999999,285.8599666342787,-0.2085660800139302,442.1282887992642,223.8844887550687,1470.319644511513,128.0,169.77701778385773,200.0,0.7428861788617886,0.8623110169951095,21.07250341997264,9.114911080711355,459.51228982476624,731.0,6663.0,90059.0,1466775.0,15404.0,125084.0,1562648.0,24006764.0,423080.0,3114690.0,35677746.0,506323458.0,13303082.0,90414428.0,960612068.0,12685998200.0,731.0,-5.364597654988756e-13,29326.347469220247,111281.12397424206,2.7640112421067897e-12,-15322.090287277704,-55801.60442098122,-1557025.7029296695,98479.15731874145,-95896.98006778191,3377048.900754589,2861137.09992702,237322.49428756948,-4368272.227690363,4047996.5175769553,-268498436.64202625,0.2391744621856042,0.0200362235972374,0.0015473645637794,0.0001589917674511,4.0471222998184015e-08,1.874753423729913e-05,-6.768325388216278e-08,24,1.974805361719167,3.325549804796747,6.567313585176745,Crystal,"../Images/Additional/L2 2.5, 5, 10 nM/L2 10nM/L2_10nM_05.bmp",24
24,24,24,24,24,1037495.9672999998,1149.3393289492965,1.16300752386149,1325.5096812874156,1032.8452280073936,4653.589876651104,100.0,171.56833375645255,217.0,0.9146284829721362,0.6267677841155701,67.67140560209867,65.9048827959719,1356.8717673383878,11817.0,778798.0,65193406.0,6200047294.0,799673.0,54816142.0,4691742770.0,450721595188.0,64002007.0,4450041276.0,380337118364.0,36272729707254.0,5633721839.0,393807328282.0,33377294697782.0,3142637182295800.0,11817.0,6.838263288955204e-11,13866815.08826266,75701866.20905608,-4.22517132392386e-10,2113786.659896764,1395625.8393368693,3336341648.712524,9887011.067952955,-54089322.8783313,8077120800.424561,-58948907786.82204,-35519808.38912399,4458707059.028378,-16758263638.41254,4900991177090.82,0.1701057925285773,0.0017288028861969,0.0002526001133809,7.080556097312074e-06,-2.9917657672038956e-10,-2.8004475175119285e-07,1.2688436213145392e-11,25,1.283357511216508,3.5107928235810806,4.505602340467792,Crystal,"../Images/Additional/L2 2.5, 5, 10 nM/L2 10nM/L2_10nM_05.bmp",25
25,25,25,25,25,1128629.1494999998,1198.7557150997086,-1.4541018307672715,2095.9796319171205,761.5664789443492,7130.552079197512,105.0,178.34795799299883,223.0,0.7485151973914056,0.9316541494603832,51.66861143523921,110.11015169194866,2042.5955265054315,12855.0,1415466.0,195586092.0,30349423152.0,664200.0,69100038.0,9306112448.0,1425754351878.0,40098800.0,3950780714.0,517650792052.0,78046406297546.0,2661658308.0,248918934270.0,31693401649004.0,4693310300051550.0,12855.0,3.999502951046451e-10,39728916.02520418,64294952.86072474,5.6139981552405516e-11,-4035124.7537922985,89067055.78706665,-25011231834.35354,5780508.284714117,-47525650.67229164,18510299880.8682,-367761671560.64685,-7532681.141519711,-4472855837.917056,84377984522.6684,-26993285257817.8,0.2753957157598163,0.0445886816228702,0.0003369235355948,1.9738500264548187e-05,-1.608575447668268e-09,-4.106274997886849e-06,-5.935623928892483e-11,26,2.752195231626368,3.402014013216074,9.36300674509936,Incomplete,"../Images/Additional/L2 2.5, 5, 10 nM/L2 10nM/L2_10nM_05.bmp",26
26,26,26,26,26,367517.8234,684.0601041925146,0.7260364706675124,930.2121654677836,554.3501720932971,3128.5436186770767,111.0,181.38987099856664,223.0,0.8449737585789261,0.8030293352195756,47.20855231724797,35.9168657429527,938.1705188823618,4186.0,150348.0,7048664.0,382657878.0,197615.0,7923234.0,396590552.0,22424797662.0,11174697.0,472220936.0,24310987006.0,1398928685516.0,688660349.0,29936784582.0,1563100132904.0,90727060211274.0,4186.0,-2.6929569685307797e-11,1648635.0692785473,11064350.560013829,3.292655037512304e-11,825522.576206402,4532961.714534079,676818892.7751691,1845578.933827041,-7082607.322994846,702976220.7210027,605573650.6460234,-13135138.260263288,685945940.7640961,-2305824491.13044,476263158402.8572,0.19941189097241,0.0090044445016435,0.0013684108524313,6.990854730585108e-05,-1.2374769694444089e-08,-4.51354359479015e-06,1.7731124339206746e-08,27,1.6780226872757766,3.3632581198331235,5.643623428244454,Crystal,"../Images/Additional/L2 2.5, 5, 10 nM/L2 10nM/L2_10nM_05.bmp",27
27,27,27,27,27,284549.7528999999,601.913613267634,0.3553068312309173,739.3954849030347,529.5534395845214,2712.93409169118,116.0,171.7624190064795,227.0,0.8682025180819716,0.6978973223863059,43.44245603208886,28.746683122493057,774.7125972901176,3241.0,93168.0,3399612.0,141588852.0,140797.0,4247817.0,163305503.0,7101190563.0,7303563.0,225299851.0,8860251837.0,392821413901.0,414246169.0,12914512833.0,513442644095.0,22990037879667.0,3241.0,8.398615136684384e-12,721341.0268435666,2388959.252723587,-3.47313289239537e-11,200370.2564023451,4098047.6278965264,100066272.9504694,1186995.5180499845,-2062512.3339592493,225056235.53922543,554965343.8616389,-6170546.71143702,140666794.70307648,1591775233.5476382,51943617353.685,0.1816757263099505,0.0034207151755274,0.001159125552261,1.2309406909929988e-05,9.099236861663183e-10,3.749040363231074e-07,1.154976217617896e-09,28,1.3962622648304426,3.6691245038464873,5.12306008968557,Crystal,"../Images/Additional/L2 2.5, 5, 10 nM/L2 10nM/L2_10nM_05.bmp",28
28,28,28,28,28,390081.6266999999,704.746303849165,-1.5002605153028608,872.9330257948766,655.0521510253471,3154.3800754387694,114.0,183.68017105559304,224.0,0.8496844520940906,0.6609798210157496,31.31915372496061,50.63673193787981,970.5076729217548,4443.0,224979.0,13797093.0,939217287.0,139151.0,6972126.0,413840120.0,26949344712.0,5720475.0,291878136.0,17010438386.0,1066940321046.0,274799393.0,14436062682.0,838695450368.0,51570630317004.0,4443.0,-5.343281372915953e-12,2404891.685347738,-2974123.984176751,4.9752202357922215e-11,-74025.88588791336,-10776298.744237255,-259691654.01529765,1362383.4400180052,6848833.067156907,434752550.681807,4533886990.737821,10301564.314676786,95454133.13528432,-1704325069.4771488,-39608251988.46232,0.1908423305787958,0.0028452835132136,0.0013692170400112,8.801720753830386e-06,-1.33332032505469e-10,4.670178822833388e-07,9.570021507880994e-10,29,1.332616074046139,3.613541912412409,4.8154640367202015,Crystal,"../Images/Additional/L2 2.5, 5, 10 nM/L2 10nM/L2_10nM_05.bmp",29
29,29,29,29,29,4688881.241399999,2443.3724679461748,-1.4752852722369048,2889.749490551208,2444.493239099661,14323.03167871054,106.0,175.69675691869827,255.0,0.8134090805245442,0.5333118135816919,124.18582181777327,154.09137550088005,3034.1732548092896,53406.0,8229404.0,1584735238.0,340546187666.0,6632268.0,1013403284.0,189274539656.0,39721093445234.0,1051634074.0,156336438692.0,27889123924704.0,5619663942445646.0,192169432044.0,27501488335964.0,4661523050030996.0,8.95954474200534e+17,53406.0,-2.3283064365386963e-10,316655056.08755577,-1235471265.8140717,5.3551048040390015e-09,-8572014.810470764,-4885361132.695807,299066981203.77966,228000421.90428048,-3582256886.509412,1008982898330.9712,-39440334139312.81,4942550774.772796,-378971350205.9789,-7397771855416.771,171204152676250.38,0.1909597217409399,0.0010022756228695,0.001092323288156,5.343127251736456e-05,-6.045713357388834e-09,1.6679539899295662e-06,-1.1404973589903144e-08,30,1.1821466487735268,4.956495961170144,5.859305090156806,Incomplete,"../Images/Additional/L2 2.5, 5, 10 nM/L2 10nM/L2_10nM_05.bmp",30
30,30,30,30,30,376121.9195999999,692.0211714076524,1.5640714433708311,1138.6333516672478,472.54432204841953,3629.149051060154,112.0,148.45541549953316,186.0,0.8172453262113697,0.9098168116792072,29.886321195144724,58.39192343604108,1209.056816282841,4284.0,250151.0,18560481.0,1588541795.0,128033.0,7498102.0,567662816.0,49657014610.0,4507565.0,257661326.0,19300128768.0,1685522616782.0,174008489.0,9597729868.0,701268512762.0,60450278016808.0,4284.0,-3.467448550509289e-12,3953682.960550886,43033304.06616951,2.2964741219766438e-11,22008.866713351905,10388039.17753889,136486127.83056796,681129.6384220357,-6859592.482451258,426197618.4859005,-3837857796.8307376,-1418964.6968200142,-6910990.193891864,2122450597.011507,-35660462374.01556,0.2525417900805705,0.0318019813888126,0.0035401094129502,0.0009626074426502,1.7191768017884746e-06,0.0001528436374509,4.495370924139026e-07,31,2.409580008773393,3.187285042850853,7.680018321515861,Crystal,"../Images/Additional/L2 2.5, 5, 10 nM/L2 10nM/L2_10nM_05.bmp",31
31,31,31,31,31,1457340.7430999996,1362.1834914095264,1.050218433214013,1796.0024466404109,1336.666376094527,9632.190304666718,105.0,178.42249533104405,225.0,0.697436974789916,0.6679063829733719,93.11452497138382,101.068076390144,2052.9069130869034,16599.0,1677629.0,203463429.0,27213540395.0,1545608.0,163548364.0,20869142176.0,2934434042824.0,169236894.0,18954136898.0,2529331177054.0,369272306023214.0,20448865526.0,2418912746350.0,334934213265154.0,5.031275174010511e+16,16599.0,-2.539195520512294e-10,33908693.07367911,-204289753.4937357,5.749143383582123e-10,7336736.586782336,440721928.0015582,42000480049.8746,25318339.2880294,483376082.9404816,50654186652.5358,2435840540324.781,-24557738.1807995,26321793669.7952,1875573723569.568,165996581537488.66,0.214959242247031,0.0038082714130958,0.0036113918207741,0.0001992533490839,1.4977939898091396e-07,7.459301635473987e-06,7.832559483460003e-08,32,1.3436430202486072,5.363127607473265,7.206128976484064,Incomplete,"../Images/Additional/L2 2.5, 5, 10 nM/L2 10nM/L2_10nM_05.bmp",32
32,32,32,32,32,803868.4163999998,1011.6901978986016,-0.1703965470092907,1908.841425711388,764.61814458484,6021.781253606564,110.0,183.1769331585845,221.0,0.6361425693045231,0.9162676402545284,87.63761467889908,63.09949759720402,1695.3745639828385,9156.0,577739.0,40838993.0,3096415799.0,802410.0,47299610.0,3235885878.0,240376203608.0,93497022.0,5082646680.0,330157195964.0,23615406987078.0,12321159162.0,624426323378.0,38592897339162.0,2657916883490336.0,9156.0,3.993250174971763e-11,4383952.357688946,-33754524.19623308,6.445048938985565e-10,-3332057.866972474,77356300.33329237,-5829491147.495413,23175723.60550459,-232941228.1676747,13766103416.909613,-381049291701.6842,65172903.85169587,-15015261792.309532,495751606959.1033,-27381823926579.72,0.3287475606452567,0.0565664474694615,0.0073067989943473,0.0014210618779392,6.729539869809782e-07,-8.308974553135737e-05,4.529412017979253e-06,33,2.496463678281948,3.154678629924623,7.875540616259078,Incomplete,"../Images/Additional/L2 2.5, 5, 10 nM/L2 10nM/L2_10nM_05.bmp",33
33,33,33,33,33,388325.6886999999,703.1583200740473,-1.5262422942379097,922.5960745478112,548.1475665952394,2789.168776833718,106.0,182.99344336423243,223.0,0.9134655101197852,0.8043645821304101,29.390685055392268,49.186977164820256,963.4711327798046,4423.0,217554.0,13377422.0,913942842.0,129995.0,6316907.0,382825599.0,25791679259.0,4770129.0,233342011.0,13978857883.0,925961700451.0,197013671.0,9758934773.0,580666567173.0,37958345239097.0,4423.0,5.2438053899095394e-11,2676598.369884693,-7359674.235991231,-4.277467269275803e-11,-77154.09654080954,-2756044.2856255,-103052197.47136112,949486.8962242816,3249008.308081627,414660036.8890237,1607580372.2240734,1004171.2251071404,-18103914.902653128,-84584442.68091401,-26917578319.90001,0.1853549264585571,0.0078564429273939,0.0002236726410111,1.1795603112659567e-05,4.5872483886743056e-10,6.541215882716703e-07,3.9580572208579207e-10,34,1.6831162460109406,3.023174337914632,5.088353842667486,Crystal,"../Images/Additional/L2 2.5, 5, 10 nM/L2 10nM/L2_10nM_05.bmp",34
34,34,34,34,34,6116634.429199998,2790.6882369670084,1.4275701503015925,4627.777762743937,1788.3843769521293,14412.793371979284,107.0,174.99177527702818,221.0,0.8457420333839151,0.922312200092326,106.0548889016478,236.1115863811219,4860.393408573013,69668.0,16449422.0,4927624708.0,1655866193456.0,7388632.0,1872186035.0,582308504015.0,199484636455325.0,960627870.0,254442451041.0,80185448087833.0,2.7450865466255668e+16,140269566526.0,38375769150737.0,1.2153055838086444e+16,4.131501497574322e+18,69668.0,6.984919309616089e-10,1043725584.5274732,-474500459.3834,-1.193257048726081e-09,127644412.29367882,-566836299.6476021,2925418173409.656,177027324.10484,552452803.9374368,1966345922491.4792,-52611877980957.44,841058116.333782,773633329389.8395,-549328797328.15625,1.3502672366032716e+16,0.2515133729380521,0.0346526760012582,6.70500438037913e-06,4.9520593608567785e-08,2.828328419925316e-14,-6.150343159068887e-09,-3.782014170379978e-15,35,2.587686306358184,3.114409142117823,8.059113889455029,Crystal,"../Images/Additional/L2 2.5, 5, 10 nM/L2 10nM/L2_10nM_05.bmp",35
35,35,35,35,35,12203.769099999998,124.65280347002648,0.6307067766084398,213.60692988299093,101.55583090968064,620.474841843359,184.0,203.18705035971223,220.0,0.6465116279069767,0.8797518124141217,8.870503597122303,8.956834532374101,202.70409270658547,139.0,1245.0,13387.0,157683.0,1233.0,12708.0,143610.0,1720782.0,14237.0,152746.0,1741524.0,20794924.0,184863.0,2003478.0,22794240.0,269966904.0,139.0,1.9539925233402755e-14,2235.7410071942445,-2272.468402256612,-4.973799150320701e-14,1664.2230215827335,-4951.772113244659,54574.69091073606,3299.669064748201,-4297.445836136851,59372.66928518155,-258164.26544976345,34.187671445568164,69199.8945073743,-236391.61473194245,2398746.111280472,0.2864970794442547,0.0327095149298402,0.0064460666154939,0.0012978976547413,3.62529082521452e-06,0.000194382444663,-9.750271394492977e-07,36,2.10334481013664,2.904750525571624,6.109691942702753,Incomplete,"../Images/Additional/L2 2.5, 5, 10 nM/L2 10nM/L2_10nM_05.bmp",36
36,36,36,36,36,492979.5934999999,792.2632852730621,0.4156027907663012,2008.5745249908327,563.866132709947,5813.367710368258,113.0,176.3519145146928,225.0,0.5567122744398175,0.9597869268059916,84.47052537845057,62.50543187889581,1775.8807518805984,5615.0,350968.0,25629772.0,1994145106.0,474302.0,35133520.0,2737849912.0,219626268880.0,53769042.0,4136904110.0,326741541182.0,26359087528130.0,6803927636.0,526942770670.0,41653675884850.0,3355687668242494.0,5615.0,1.9312551557959523e-11,3692365.584327695,-69440672.82397936,2.3149482331064064e-10,5487068.648975955,-113053585.47668508,8066410526.819791,13704502.871950133,-150944225.05773607,12408782775.509829,-420404234598.18207,-53224706.12419999,22456205967.02161,-587420980376.0162,35300917151198.266,0.5517871195183943,0.2220001516998642,0.0409836015718429,0.0136555310576467,0.0002734168593959,0.003380246176482,-0.0001720571461958,37,3.5621478370009587,2.894275337080056,10.309836631664943,Crystal,"../Images/Additional/L2 2.5, 5, 10 nM/L2 10nM/L2_10nM_05.bmp",37
37,37,37,37,37,194118.9459,497.1518060936575,0.1550270646476367,673.8603322453055,413.4365497977608,2121.396730988128,115.0,182.56580732700127,217.0,0.8110785033015407,0.7896679299268065,33.691542288557216,18.412030755314337,651.4677387254108,2211.0,40709.0,1029195.0,30173753.0,74492.0,1439539.0,38259393.0,1180000783.0,3213834.0,64223575.0,1751073825.0,55255284907.0,153796844.0,3131302243.0,86291631729.0,2747158685935.0,2211.0,3.410605131648481e-12,279659.63998190855,925979.222050187,-2.9331204132176936e-11,67990.00497512442,1080558.009016425,34568284.12476962,704083.631840796,468988.2938878656,85341331.13261573,408435819.7683317,-1925507.0330932464,20656756.60774398,121117878.64694253,10935918213.064783,0.201235357651671,0.0083115449136327,0.0005096951458619,5.034046521093955e-05,-7.965909443561744e-09,-3.265379613965552e-06,1.251624301233907e-09,38,1.629900241221864,3.1481252560447137,5.131130114223921,Incomplete,"../Images/Additional/L2 2.5, 5, 10 nM/L2 10nM/L2_10nM_05.bmp",38
38,38,38,38,38,265761.2162999999,581.7024067769318,1.3100928463767842,721.515407004936,488.5131315493958,2413.312793086128,115.0,185.4380574826561,223.0,0.9101022248947684,0.7359228342948448,25.581764122893954,40.73538156590684,830.5541784254655,3027.0,123306.0,6104324.0,335334102.0,77436.0,3305691.0,166432677.0,9256566237.0,2535554.0,110566271.0,5577062489.0,309503163197.0,93655704.0,4117657047.0,206650327425.0,11374249942209.0,3027.0,-6.117772954894463e-12,1081407.0406342917,-1430922.1985146625,-6.249223361010081e-12,151305.9930624381,-2053714.418934252,175886386.36582386,554604.5133795837,-461837.1207683896,173943262.5885504,-1090268336.0808036,416235.965601953,40944008.54231109,-830311537.751037,50121534827.34222,0.1785506865928126,0.0043963107270713,0.0001702410778014,2.4647954039883803e-05,1.3392332695253026e-09,1.0094481989397468e-06,8.69294144771004e-10,39,1.476962153947709,3.344783451130958,4.940118570471031,Crystal,"../Images/Additional/L2 2.5, 5, 10 nM/L2 10nM/L2_10nM_05.bmp",39
39,39,39,39,39,332574.6571999999,650.7282114091726,-0.0538542250934258,1012.0991758769504,441.77773255095815,2820.712753910923,118.0,169.96779303062303,208.0,0.9163038219641992,0.8997059623827987,53.10137275607181,29.071805702217528,990.2986281925264,3788.0,110124.0,3734264.0,138376584.0,201148.0,5727554.0,192652204.0,7120963652.0,13436968.0,384825546.0,13010828720.0,482964597612.0,1000316950.0,28983979598.0,987264860668.0,36835015110392.0,3788.0,-2.245315045001917e-12,532760.468848997,-1161831.1211863374,-6.835421118012164e-11,-120181.57338965232,1345450.0675617603,-39645364.20743345,2755733.072861668,6952236.13103571,347057531.1158148,1280595964.4474397,-5870914.715933921,-187912198.14381096,1028389802.9000536,-53612759938.25082,0.2291801781169865,0.0242815501911702,0.0007474744289981,6.92489563618637e-05,-5.435852188738693e-11,-1.4663893629237974e-06,1.5754892129475884e-08,40,2.290969194017054,2.786992442185193,6.384913829004633,Crystal,"../Images/Additional/L2 2.5, 5, 10 nM/L2 10nM/L2_10nM_05.bmp",40
40,40,40,40,40,196489.46219999995,500.17812166945583,-1.3541632859760957,570.329033808823,507.4188202850553,2102.047951242769,119.0,178.24932975871317,213.0,0.9009661835748792,0.4565556085001312,29.696604110813222,21.808310991957104,699.2431165910751,2238.0,48807.0,1577625.0,60257763.0,66461.0,1426727.0,45550595.0,1715235893.0,2388855.0,47772579.0,1464839203.0,53494246353.0,96006011.0,1759554419.0,51265878167.0,1804241238257.0,2238.0,-1.503508428868372e-11,513226.7654155496,3467208.5521566328,1.8516743693908208e-11,-22675.156836461258,-310496.3161598202,-21547759.778194107,415188.99419124215,-2977563.4432457155,83138617.35968593,-735805344.791575,405723.4035351689,-8913091.365872713,154474849.68461183,-3305028863.2647457,0.1853626968909732,0.0004651126578435,0.0027704951928701,4.4318576378568766e-06,3.807167482123345e-10,6.538547044655243e-08,3.10193567775372e-10,41,1.1239808438489265,3.6856758583807,4.142629061456354,Crystal,"../Images/Additional/L2 2.5, 5, 10 nM/L2 10nM/L2_10nM_05.bmp",41
41,41,41,41,41,620197.3015999999,888.6280042487747,-0.8050134074166831,1260.2903667628864,662.3855335774304,4001.7326334736654,108.0,175.46262740656852,222.0,0.8958782498414711,0.8507431417330594,59.714750849377126,62.435447338618346,1258.1296873136723,7064.0,441044.0,32746898.0,2673434456.0,421825.0,23448645.0,1580953649.0,119103656943.0,30172567.0,1567870953.0,98701879277.0,6962186304783.0,2382091639.0,119211154251.0,7153651500983.0,478980643428693.0,7064.0,3.240074875066057e-11,5210118.56398641,-21724936.041569043,-7.949552127684001e-11,-2888187.573612686,-13868639.847272856,-4166062149.6635184,4983392.222961495,28968037.729663216,3616497085.222448,41722364931.0524,-14819731.848876804,-3808716592.04354,-55443059153.07271,-4869096160054.488,0.204278380285038,0.0134207437293875,0.0007116615812999,4.977317583316012e-05,4.49239361158039e-09,2.5359772142061124e-06,-8.220153028980462e-09,42,1.902653821493164,3.175246545565765,6.041394974103672,Crystal,"../Images/Additional/L2 2.5, 5, 10 nM/L2 10nM/L2_10nM_05.bmp",42
42,42,42,42,42,2838649.370799999,1901.126148507812,-0.5599452998886781,2328.5626587986794,1678.9335470023632,8575.368219645923,106.0,178.8176419646171,223.0,0.8904188813307262,0.6929172458242894,121.43421378201162,107.5844055424966,2328.591107086,32332.0,3478419.0,456006095.0,66576840261.0,3926211.0,395433483.0,50884914975.0,7447875591249.0,584670805.0,55774745655.0,6985163857103.0,1011403039510077.0,96107099613.0,8757862581825.0,1063613764226613.0,1.5135685636706742e+17,32332.0,8.344613888766617e-11,81782454.65727447,-79337929.54835157,3.777927304327022e-09,-26965593.469411086,1312328035.8841424,-124056712486.06596,107894459.07271431,-577624054.7313781,226685371501.1256,-3150238075459.546,-1096097531.3318272,-178407002975.8019,4491446184504.6045,-723950909466907.1,0.1814468087352884,0.0032855927229047,0.0007943629955561,1.3539018339483053e-05,8.345412731012155e-10,1.4277793864468704e-07,1.129144415462835e-09,43,1.3869296155027642,3.682687338149625,5.107628133916758,Crystal,"../Images/Additional/L2 2.5, 5, 10 nM/L2 10nM/L2_10nM_05.bmp",43
43,43,43,43,43,560232.0188999999,844.5765570333438,0.8669108668916633,1212.086161723185,653.4757038977372,4559.499798300692,116.0,177.15671524839368,218.0,0.7831369661266568,0.8422206119204032,48.55367497257483,60.62607741733271,1216.8380001051903,6381.0,386855.0,28144311.0,2272120157.0,309821.0,21118740.0,1642145116.0,138212917452.0,18965445.0,1367331038.0,108954755502.0,9286110994442.0,1308094109.0,96556195104.0,7746358776880.0,660903026691312.0,6381.0,-1.4665602066088468e-11,4690809.820717757,-2929819.225126886,-2.716404878810863e-11,2335508.068484564,-7549998.558563246,3513685544.7666755,3922496.866321893,-9264498.130216574,2545583997.682912,-13838503850.208595,6348780.903082504,2083460653.0378325,-7681803490.711718,2707207759090.864,0.2115399619104006,0.0135164180947118,0.0001379274401652,1.4192703346194833e-05,-2.5272687084010353e-10,5.803488883285138e-07,-5.748448738811469e-10,44,1.8548297274000327,3.7616961089784207,6.977305768378209,Incomplete,"../Images/Additional/L2 2.5, 5, 10 nM/L2 10nM/L2_10nM_05.bmp",44
44,44,44,44,44,230818.0501,542.1131514969748,0.1933778278517808,647.4028959122097,486.1798008113727,2566.619445723846,114.0,173.59946747812856,220.0,0.8375278751194648,0.6603369409344387,34.39786991251427,30.313046785850133,688.0413394557045,2629.0,79693.0,2870739.0,114320461.0,90432.0,2805775.0,102807307.0,4140054217.0,3882442.0,120932763.0,4428738663.0,177736984233.0,185957760.0,5798221585.0,211288458361.0,8413053435307.0,2629.0,-6.480149750132114e-12,455001.3624952454,-285339.794852483,3.154809746774845e-11,64505.55306200065,149280.62938758262,16279675.415686898,771773.8280715104,-1193590.2350725404,115925484.24747908,-564510887.4051325,-684726.3386556171,55474676.01042572,-373277126.7616099,14684747109.953009,0.1774940554011349,0.0024489584895916,9.668472986912123e-05,1.969860875802899e-05,-6.513395234534256e-10,-4.581781677326168e-07,-5.610624309150753e-10,45,1.3316120802052576,3.964485580663652,5.279156891011274,Crystal,"../Images/Additional/L2 2.5, 5, 10 nM/L2 10nM/L2_10nM_05.bmp",45
45,45,45,45,45,4152003.197899999,2299.23784359799,1.2248174889413537,3929.752662164474,1609.123235944502,14250.792425951078,106.0,180.30223509758727,246.0,0.7759237382686881,0.9123227357624792,144.99204922712568,196.7214903470005,3969.209861370396,47291.0,9303156.0,2300255560.0,637955607120.0,6856819.0,1486931179.0,381709593391.0,107852076025009.0,1131115533.0,257047218419.0,67395011634083.0,1.925667012630179e+16,201544928113.0,47052469388569.0,1.250005970769966e+16,3.595872785862185e+18,47291.0,-4.656612873077393e-10,470124846.7493605,478584174.4470062,-3.492459654808044e-09,138047526.2803704,-6123004216.671956,2940118337292.0176,136931295.0105094,-5499102439.654616,1927300723266.566,-148617564034635.94,-2165729063.098182,1089836305431.252,-97909753369228.02,2.487946748816887e+16,0.2714387597197304,0.037436870323197,0.0023283277293244,0.0003970208865177,2.921739398394063e-07,1.6041076648118134e-05,2.456474095079579e-07,46,2.442170105049686,3.626384063088048,8.856246748302244,Crystal,"../Images/Additional/L2 2.5, 5, 10 nM/L2 10nM/L2_10nM_05.bmp",46
46,46,46,46,46,515982.3812999999,810.5363485111429,-1.5253112340837036,936.8159212447118,772.5076422532034,3803.183618677077,117.0,175.69133911859794,217.0,0.8809773647129366,0.565701851503264,43.50910328398843,43.40360728262719,1018.96326695323,5877.0,255083.0,14740775.0,976685687.0,255703.0,11045061.0,652227889.0,44299281375.0,13624513.0,571382019.0,33493505271.0,2271767086245.0,802515721.0,32305804593.0,1856595593209.0,124429741055223.0,5877.0,-4.860112312599085e-12,3669252.643525607,18365276.337776814,-8.273559615190607e-11,-53371.59298962032,15503026.363304852,87537068.46639732,2499104.762974305,-15326692.365416056,1265182467.87963,-16633677874.7158,-7742236.810556105,-222616663.64307272,8655584117.01633,-196832706012.1685,0.1785904157137232,0.0011573314160041,0.0010103486623893,9.90772915723354e-06,-9.60649450749834e-10,-2.672205916199056e-07,2.4452166602946667e-10,47,1.212694697119454,4.059691485200136,4.923166336043204,Crystal,"../Images/Additional/L2 2.5, 5, 10 nM/L2 10nM/L2_10nM_05.bmp",47
47,47,47,47,47,225725.82989999995,536.0998534758638,0.9119718397586762,673.887070934504,466.31264869407966,2501.5810998173847,108.0,182.3282769350448,228.0,0.8031865042174321,0.721921971533323,28.42668222481525,36.09218203033839,704.4345809228845,2571.0,92793.0,4017907.0,192855093.0,73085.0,2847479.0,127471269.0,6207797165.0,2637881.0,107017455.0,4846595305.0,236207362125.0,107827739.0,4465974731.0,202436683821.0,9801065430689.0,2571.0,-1.1254996934439989e-11,668805.15285881,-437212.4645877434,1.5184298263193338e-11,209681.8763127187,-1880249.3945438447,109730108.01277716,560316.9295993778,-110546.3588604084,124285396.14386024,-253836053.33818847,985631.4603107588,75346905.0803045,-879515981.2855607,30791096206.374844,0.1859477244480311,0.0042944450809124,0.0003909781358252,9.795637172348488e-06,3.7245315159917946e-11,4.80422961955857e-07,6.050677915388569e-10,48,1.4451400210175336,3.712166634015326,5.364600567501494,Incomplete,"../Images/Additional/L2 2.5, 5, 10 nM/L2 10nM/L2_10nM_05.bmp",48
48,48,48,48,48,2867622.347799999,1910.8035410751284,-1.1846563699016113,2525.2652524721584,1716.1712204837509,11434.674082956257,111.0,181.40619068030128,224.0,0.8099890883840889,0.7335825284397381,101.58643071459188,122.67390239421958,2526.305613281972,32662.0,4006775.0,628480671.0,111267489623.0,3318016.0,379195973.0,59227129245.0,10678899443717.0,416863106.0,44246983947.0,6778448775323.0,1224501047154495.0,58609979602.0,5741995124009.0,851276844780801.0,1.5248128364312326e+17,32662.0,4.656612873077393e-10,136953945.73440087,567963189.0421104,-4.2782630771398544e-09,-27837997.92645889,2212012785.960083,-181643804219.90244,79797703.5060927,-1235314335.0168753,333115197881.61884,-11041244165993.73,49616810.050962925,-209598315058.9759,10927371829637.092,-1382309375433582.5,0.2031780845486817,0.0055942265620383,0.0016584395465428,0.0001495844266217,-9.983156452831152e-09,-2.492331173668566e-06,-7.38320905833139e-08,49,1.4714529776116057,4.528108115280982,6.662898169177475,Incomplete,"../Images/Additional/L2 2.5, 5, 10 nM/L2 10nM/L2_10nM_05.bmp",49
49,49,49,49,49,244338.7727,557.7649932666054,-1.3202724312014895,688.081914526643,461.7380697364801,2381.045784959924,119.0,176.82177506288178,218.0,0.887719298245614,0.7414111748653555,26.582464965864176,36.70499461013295,738.0919756371829,2783.0,102150.0,4655708.0,238074912.0,73979.0,2591566.0,114389390.0,5730037156.0,2420615.0,81979830.0,3479768914.0,168412753692.0,88784651.0,2930192380.0,119618361404.0,5568043298026.0,2783.0,8.071765478234738e-12,906292.8005749192,656230.2330377415,-2.7284841053187847e-12,-123832.7962630255,-280240.56250948284,-67218499.40038723,454070.8242903342,-285268.5916332277,97307688.21700002,-10326075.1175827,298094.0092169363,-43387372.59432735,-60990275.17553978,-20069059816.097546,0.1756420907319791,0.0044317202819706,2.146344610146952e-05,8.262219915248519e-07,2.4494098233770786e-12,4.5481472148284334e-08,2.4710495413922574e-12,50,1.4901996599919525,3.4604103591327973,5.156702340612324,Crystal,"../Images/Additional/L2 2.5, 5, 10 nM/L2 10nM/L2_10nM_05.bmp",50
50,50,50,50,50,3411699.737099999,2084.20512906918,-0.0709338888326761,3377.0440297439472,1457.354452668406,13056.141088170822,105.0,174.64533312746082,219.0,0.8155945009969566,0.9020902791433356,149.54556216063202,85.98661828662601,3173.8307654473324,38859.0,3341354.0,347353326.0,40617275642.0,5811191.0,481535278.0,47549706040.0,5283870352282.0,1183223947.0,94996071626.0,8977931689860.0,953231343601646.0,276393442541.0,21623228607112.0,1972589474013562.0,2.01731991795584e+17,38859.0,-3.311555474283523e-10,60041595.04150908,423990360.33920455,-9.721134119899943e-09,-18149384.30767645,-1274234003.832379,-58988520426.446655,314186122.0821946,-1317034493.9623425,427900286347.946,317776774090.4286,5477271725.261614,-334367147465.022,-9742890707544.28,-812589322364062.0,0.247829334019898,0.0289044915517579,0.0011921560739489,0.0002083749154466,1.020197079721422e-07,3.4077423369574945e-05,1.944744069692577e-08,51,2.317242743219128,3.866144762453914,8.95879589503097,Crystal,"../Images/Additional/L2 2.5, 5, 10 nM/L2 10nM/L2_10nM_05.bmp",51
51,51,51,51,51,505534.5501999999,802.2883400277879,-0.2272519141517218,1308.7984959435414,631.6527505756154,4208.918816008923,105.0,178.27214310524488,255.0,0.786182413981431,0.8758296783666472,80.04706495310872,46.827370614796806,1278.9964193851365,5758.0,269632.0,14534968.0,843264604.0,460911.0,20401003.0,1061431719.0,60275432083.0,43642491.0,1897002723.0,97307825699.0,5471162620791.0,4434427041.0,192238567711.0,9820352100795.0,550259950514095.0,5758.0,4.092726157978177e-12,1908810.406391108,-16138874.077126522,-3.074092091992497e-10,-1182247.2174366156,8673248.631075976,-666556276.3341814,6747918.245397707,42610461.999626696,1724594874.9033024,9183766801.02189,-139328370.96769798,-2920655272.348122,-19783374111.597565,-1155975844360.732,0.2611021713869866,0.0263893157460077,0.007594385695142,0.0028077984427259,1.2877498928499685e-05,0.0004554386506302,-1.509575038440221e-06,52,2.072022158932821,3.2158646491831595,6.66334281323623,Incomplete,"../Images/Additional/L2 2.5, 5, 10 nM/L2 10nM/L2_10nM_05.bmp",52
52,52,52,52,52,272521.5776,589.054538556433,-1.2843647759295322,772.426710189858,505.32921466332726,2764.331178167796,110.0,162.1875,207.0,0.8110791742879541,0.7563130193978436,30.346005154639176,41.15979381443299,845.2757965303394,3104.0,127760.0,6516748.0,366705392.0,94194.0,3672624.0,185354562.0,10429894308.0,3482858.0,132906876.0,6745807362.0,383027170380.0,142424298.0,5379021540.0,275383941954.0,15786509680044.0,3104.0,1.0004441719502207e-11,1258172.7422680412,-5094873.330003186,1.283595452150621e-11,-204381.6185567009,4421904.159023279,-205417145.82925385,624446.3904639174,1957490.135521842,278377173.68264145,-157609388.89056668,-1165435.5885040278,-96706364.69757871,1151477047.3073432,-86491689527.57225,0.1953975179943196,0.0061262354555657,0.0011401987655006,7.096385411691609e-05,1.606576154320123e-09,2.8347905078890093e-06,-2.012177027606716e-08,53,1.5285613571827288,3.578761766910337,5.470356943462126,Crystal,"../Images/Additional/L2 2.5, 5, 10 nM/L2 10nM/L2_10nM_05.bmp",53
53,53,53,53,53,531785.8232999999,822.8552360865826,-0.6432181437373563,1000.3406631113904,725.9511331835757,4196.010388840411,120.0,176.69225689285125,228.0,0.8228501562287732,0.6880071447248347,54.67244510483738,50.93016344725111,1098.1703958858116,6057.0,308484.0,18718188.0,1256761920.0,331151.0,15885386.0,936299846.0,62163479258.0,21684863.0,994944548.0,57084860220.0,3737899738952.0,1565076071.0,69241711304.0,3868505890256.0,249375776596436.0,6057.0,1.9916512883355608e-11,3007047.459138187,-2857291.451472512,-2.7284841053187847e-12,-980188.5557206536,12773066.811930034,-870891937.4333224,3580028.1310879984,-2290458.911193566,1602485599.811313,-2768987676.160014,-11946193.914783388,-1302618823.8690162,6358036308.612868,-907364201576.7268,0.1795467299885632,0.0030992028911826,0.0003118969589985,3.334343643164765e-06,4.168645688333234e-11,6.342489690217977e-09,9.911854251730247e-11,54,1.377972452118796,4.194581449672785,5.780017685817621,Incomplete,"../Images/Additional/L2 2.5, 5, 10 nM/L2 10nM/L2_10nM_05.bmp",54
54,54,54,54,54,1316953.4999999998,1294.9120722185653,-0.0938255408965008,1707.695804684532,1004.0153211954462,5015.243145662975,112.0,174.78186666666667,221.0,0.9500886749429946,0.8089076693710648,93.7886,48.3228,1779.8561025543609,15000.0,724842.0,45969218.0,3297513096.0,1406829.0,66081362.0,4169692326.0,300943905632.0,162905283.0,7463741670.0,461537362498.0,32891265075612.0,21001865415.0,937500649700.0,56415325386756.0,3936558143999511.0,15000.0,1.3244516594568267e-11,10942823.002400002,18576073.66885061,7.508447197324131e-10,-1900554.4011999888,41983947.12181491,-1097662929.2680037,30960760.6506,-51797066.32762765,16466954999.66442,-70923452168.15114,-84325802.8835268,-12640820837.959286,82422963668.92018,-10644632840852.768,0.1862381495688888,0.0082008149296771,9.8082369876253e-05,3.814277665949146e-06,1.9404812139266656e-11,1.8159721752257093e-08,-7.117810101521476e-11,55,1.7008662802587893,2.936848080264188,4.995185869964114,Crystal,"../Images/Additional/L2 2.5, 5, 10 nM/L2 10nM/L2_10nM_05.bmp",55
55,55,55,55,55,186568.41249999995,487.3871978144912,-1.3471585597650708,555.8490603749553,441.89244869885687,1965.4933836258465,114.0,174.0734117647059,220.0,0.90928540864356,0.6066272404067301,23.59576470588236,29.736941176470587,584.6309363179474,2125.0,63191.0,2338031.0,97535657.0,50141.0,1453845.0,51868105.0,2084392053.0,1486963.0,42307491.0,1452038539.0,55924243323.0,50063171.0,1406079051.0,46682655679.0,1728923635551.0,2125.0,6.629363724641735e-12,458923.95011764695,715777.6659913068,1.2668976978602586e-11,-37194.96752941175,-1087395.2280931184,-21356005.798924323,303847.7618823529,-154952.8584543668,46553164.12683123,130613588.134991,638101.3340771215,-9551803.700096158,-180264111.5321388,-4985109118.32187,0.1689183030034601,0.0014507712443069,0.0003832428339067,1.1917432590570512e-05,5.896142873478003e-10,2.808867628033299e-07,-5.486551886640871e-10,56,1.2578831387855605,3.5360199804961385,4.447899911874939,Crystal,"../Images/Additional/L2 2.5, 5, 10 nM/L2 10nM/L2_10nM_05.bmp",56
56,56,56,56,56,702462.9968999998,945.7291717855878,-0.308717143272853,1216.857843137882,808.5767942584241,4657.689759125487,96.0,180.12798400199975,234.0,0.7837202468410226,0.7473067096942105,69.13523309586301,65.82239720034995,1332.1556739735786,8001.0,526645.0,38823661.0,3084387163.0,553151.0,35046304.0,2477029322.0,189008677000.0,46241239.0,2896204574.0,200143220388.0,14867308872722.0,4309369241.0,268784534374.0,18277043218016.0,1328415979875166.0,8001.0,4.4977355173614335e-11,4158624.626421698,-18540556.048707567,1.9056756173085887e-10,-1363420.8337707785,-27566275.526381183,-1066291340.3779912,7999015.677790277,41016207.80668416,3151905579.400412,38689198560.26424,6442777.250501428,-3825327018.103982,-68963314588.25993,-2662271718083.2217,0.1899156478739116,0.0054133740816027,0.0008537668383568,2.9014975771419865e-05,4.339847049909504e-09,1.1256917167582045e-06,1.4214507665824324e-09,57,1.504937875757253,3.82763671647529,5.760355469262789,Crystal,"../Images/Additional/L2 2.5, 5, 10 nM/L2 10nM/L2_10nM_05.bmp",57
57,57,57,57,57,1173581.1622999995,1222.395167201104,0.8815362542016358,1533.3072068727731,1121.341421351652,7304.700898118077,108.0,175.17969626692602,231.0,0.7959390258425628,0.6820322646454748,63.37038976584125,84.35984140046384,1606.0737598254943,13367.0,1127638.0,113289836.0,12463020712.0,847072.0,76566203.0,8075880781.0,917559262607.0,69853148.0,6678320023.0,723996772057.0,83339610982723.0,6629921086.0,662412243743.0,73042842599245.0,8453726391861635.0,13367.0,-2.403908183623571e-10,18162473.16286378,-158458596.1632938,-5.87590420764172e-10,5107343.425226306,34950354.51218034,9887065586.308872,16173865.20026932,138210849.3476778,16981841277.787128,137947236464.47885,153411587.34651998,15307420555.674496,191697847240.31857,25101167992447.87,0.1921702184840301,0.003392111845333,0.0007751481439822,8.410194624643681e-05,-5.035755306500771e-09,-1.936490737871085e-06,2.0874610732894253e-08,58,1.367386576181715,4.76401654239677,6.514252268780971,Incomplete,"../Images/Additional/L2 2.5, 5, 10 nM/L2 10nM/L2_10nM_05.bmp",58
58,58,58,58,58,3422674.3495999994,2087.554629383725,-0.8471379227952499,3020.120345689502,1559.5818105230255,11633.936327589512,105.0,175.08942130104657,229.0,0.8613916079280554,0.856349163996384,133.01126103016622,135.23063308023805,3110.515419813893,38984.0,5271831.0,884657097.0,166988524221.0,5185311.0,609106839.0,93211423409.0,16499986888527.0,838586071.0,87974140491.0,12336377332129.0,2035910233460031.2,151411820979.0,14556408002181.0,1888822740486479.2,2.904676049576843e+17,38984.0,-1.629814505577087e-09,171744053.37797564,905670802.6247768,5.9371814131736755e-09,-92106050.24792203,453186328.83742857,-842101734333.4863,148881316.0564077,-926100998.631474,719222391076.5372,-8257083981121.965,264647007.9704356,-660943323296.1727,5593849089440.293,-5802651472404620.0,0.2109721292852506,0.0149186451116253,0.0001640450248466,5.7275237877650366e-06,-3.5486921602707154e-11,-4.6538155207733126e-08,-1.7193861672978258e-10,59,1.9364936967793087,3.852143290976523,7.459651202066741,Crystal,"../Images/Additional/L2 2.5, 5, 10 nM/L2 10nM/L2_10nM_05.bmp",59
59,59,59,59,59,1315987.7340999998,1294.4371840466197,0.8244007110568696,1454.4374316664382,1181.2573816684865,5047.187002302924,109.0,172.6553472546534,217.0,0.9324416796267496,0.5834142168472642,75.81693241710587,72.32136900393623,1583.6131634966916,14989.0,1084025.0,97427797.0,9835688261.0,1136420.0,86017152.0,7883186220.0,803250085704.0,104590816.0,8050068110.0,737511557734.0,74697205534730.0,10712865722.0,830966413518.0,75619810682514.0,7572612089582058.0,14989.0,-2.4499513529008248e-11,19029624.965508044,37079544.648361534,7.002540769462935e-10,3829701.836546796,-57429040.088417016,9906021504.43384,18430937.66255254,-94795378.99706677,19499379986.95403,-280191731423.8917,-11643416.413230555,11716823591.505566,-279219213735.848,29046100363946.465,0.1667358456982385,0.0011693500974542,0.0001706945384057,1.0708668353209924e-05,4.5717254387416624e-10,3.541947761063484e-07,-2.4698957604162785e-11,60,1.231262089225715,3.470198780926624,4.272724201032244,Crystal,"../Images/Additional/L2 2.5, 5, 10 nM/L2 10nM/L2_10nM_05.bmp",60
60,60,60,60,60,678494.4431999999,929.4546551420924,-0.2343714858108156,1274.948683158441,799.7379911655977,5232.3705847164365,113.0,174.47774327122153,217.0,0.7766053662948448,0.7788012784507324,76.9878364389234,53.5370082815735,1336.8924763420578,7728.0,413734.0,25961144.0,1774253338.0,594962.0,30627335.0,1892720585.0,129091364747.0,54454706.0,2777649037.0,171760473087.0,11770194232045.0,5446959134.0,277902629273.0,17254734151943.0,1188091649855465.0,7728.0,8.824940778140444e-12,3811063.4156314703,-23694510.61564979,3.2906655178521755e-10,-1225150.5212215271,25210064.16228511,-1018954639.9563092,8649868.856625257,50950366.78908,3954732049.9224486,8903836908.807127,-77260242.36166595,-3694074456.4294767,9998647580.256807,-2578825881083.1475,0.2086490005465445,0.008247928477259,0.0019788374712522,0.000125241467073,5.1805482984915e-08,1.0003381632056705e-05,3.469222056839035e-08,61,1.5942079746645974,4.103985245707491,6.542606006612728,Crystal,"../Images/Additional/L2 2.5, 5, 10 nM/L2 10nM/L2_10nM_05.bmp",61
61,61,61,61,61,403953.5368999999,717.1677749430147,-1.3329203160783345,978.8474742132674,566.1788622235945,3244.864799756513,113.0,170.68137361443164,217.0,0.8819244776691585,0.8157435292196986,34.006955009780484,50.47967833079765,989.9439366954068,4601.0,232257.0,14746523.0,1047825495.0,156466.0,7420128.0,466323706.0,33277558404.0,6486816.0,290001264.0,17805962082.0,1254667350552.0,298747900.0,12614242596.0,752841904666.0,52065611642064.0,4601.0,2.4229507289419416e-11,3022264.34992393,-1700106.9673036726,-3.9904080040287226e-11,-478225.3497065859,13120685.433950188,-686941472.5963155,1165883.7774396865,-4925145.167054725,669755899.6338657,-10634291959.009447,-1145274.2007729043,-304823628.8376466,7874645089.011501,-406813113687.432,0.1978415778358199,0.0097313222122601,0.0008787210221039,9.0842045793122e-05,6.533981207899706e-09,-7.553746098021933e-07,-2.4820225619584364e-08,62,1.7288661578939386,3.314985107730415,5.731165566677507,Crystal,"../Images/Additional/L2 2.5, 5, 10 nM/L2 10nM/L2_10nM_05.bmp",62
62,62,62,62,62,501934.8772999999,799.4268788702014,1.2137221770271678,965.436306719264,683.4147745014226,3541.270822679308,117.0,171.39986006646842,217.0,0.890914757674926,0.7063309286840442,42.45775756515655,51.491516529648415,1126.3503917520516,5717.0,294377.0,18719997.0,1337537177.0,242731.0,13118352.0,865083454.0,63695883948.0,12437833.0,694495354.0,46387642452.0,3440379331234.0,706315735.0,40263410112.0,2695093253146.0,199429244108304.0,5717.0,3.154809746774845e-11,3562078.8385516875,6782459.249141106,7.970868409756804e-11,619764.7012419098,6449111.036561227,981142955.9492128,2132019.0484519857,1424831.62195205,874928955.0530223,5178868025.296546,-2808258.916844076,360979003.0990521,2404035541.5069866,452900355828.4877,0.174216203089022,0.0033526845182887,8.14057990503735e-05,1.3200099378035912e-05,4.236027530635217e-10,7.587370285666354e-07,-8.829308714146495e-11,63,1.4126652550401575,3.668052255786008,5.1817299754205655,Crystal,"../Images/Additional/L2 2.5, 5, 10 nM/L2 10nM/L2_10nM_05.bmp",63
63,63,63,63,63,1520115.5265999998,1391.212133728367,-1.5228444089772128,2616.100715916776,788.3832261286205,6183.163618677077,111.0,181.60153632898232,217.0,0.9306600731025586,0.9535110256248148,49.04863116553079,132.97972738824072,2398.591891110282,17314.0,2302411.0,390352063.0,73616716573.0,849228.0,109258142.0,18339943288.0,3452690631818.0,49490464.0,6294610574.0,1054504314568.0,198547062647294.0,3169482942.0,401176729136.0,67188999555322.0,1.265494631022278e+16,17314.0,1.8374635146756188e-10,84178075.88431324,-680149516.5026075,-1.1645795439108042e-11,-3671965.9304609033,170302982.03216028,-31248262192.630627,7836993.05255861,73591968.11360152,36343882235.11086,120037923357.22232,-26744136.310529616,-4627307542.48862,30184969009.680767,-31733368846950.72,0.3069475204525732,0.0654526990862301,0.0007074515086141,0.0002497052408186,1.0362531969581956e-07,5.958610042879915e-05,-1.6633401738071164e-08,64,3.31831098026174,2.3635036606418547,7.842840148996683,Incomplete,"../Images/Additional/L2 2.5, 5, 10 nM/L2 10nM/L2_10nM_05.bmp",64
64,64,64,64,64,356543.2108999999,673.7691856450018,-0.7373003695560175,780.5637574627219,657.9296212356678,2792.9357066095126,120.0,177.6988426495937,225.0,0.8816760746851933,0.5380854382369009,40.886973651809896,29.00418616104408,870.6036053796239,4061.0,117786.0,4898176.0,241949664.0,166042.0,4562102.0,181660490.0,8655151088.0,8319826.0,210506546.0,7770615798.0,347273859872.0,471596794.0,11036036078.0,375257417642.0,15519534755876.0,4061.0,-3.126388037344441e-12,1481888.9288352618,13920090.722585475,1.4523493518936448e-11,-253811.0785520812,-3887935.5098077417,-258588994.61162373,1530871.1209061807,-10048102.368901951,399059542.3920122,-2731058041.561306,6238913.180741672,-136813726.767227,1061308500.1242112,-106966576757.0949,0.182683180836096,0.0009562560140181,0.0020481507960757,1.85780229346142e-05,-1.5833116028736131e-09,-5.328198477006222e-07,3.259757287512705e-09,65,1.1863940036576146,3.578100673913108,4.245037184013781,Crystal,"../Images/Additional/L2 2.5, 5, 10 nM/L2 10nM/L2_10nM_05.bmp",65
65,65,65,65,65,723534.2528999998,959.8085344289724,1.4013621733205612,1300.4230420895876,731.0918598782173,3800.852949786949,110.0,176.9099623832059,211.0,0.9376493343952668,0.8270044290576399,44.34740929498847,64.00873680378595,1369.0464642224529,8241.0,527496.0,43492296.0,4066971984.0,365467.0,24520857.0,2098538441.0,202163930697.0,19536077.0,1342091821.0,116655205909.0,11381040680629.0,1153221211.0,80300986785.0,7029771613973.0,689765149881357.0,8241.0,-1.5438672562595454e-10,9727943.370950134,37738322.59708553,6.424016874007066e-11,1127775.98653076,25392756.51825504,3066289531.973186,3328562.3671884467,-8415676.406974364,3501540670.690113,6764112315.18713,-8379427.06061417,950427714.2482282,10604860833.571924,2156138721645.0327,0.1922503484680677,0.00998186769288,0.0002924786912804,3.023589732248637e-05,2.269309884017353e-09,2.285737579717252e-06,1.7131585763275867e-09,66,1.7787409673884311,2.9227819153985,5.19887193166134,Crystal,"../Images/Additional/L2 2.5, 5, 10 nM/L2 10nM/L2_10nM_05.bmp",66
66,66,66,66,66,248114.03939999995,562.0574762140063,-1.181091606401562,718.1702034857716,557.5044947101729,2801.306848513744,116.0,163.90799716914367,210.0,0.8111366245694603,0.6303825541167376,36.0757254069356,55.58917197452229,871.4603748880381,2826.0,157095.0,9710863.0,639333705.0,101950.0,5522414.0,343405460.0,22990049318.0,4362706.0,230168880.0,14273052630.0,960221445912.0,202662514.0,10441312190.0,644095564148.0,43363879213874.0,2826.0,-1.247713043994736e-11,978082.0286624203,-9226668.52103533,1.9042545318370685e-11,-144902.08280254784,9189006.548383756,-263495523.36207423,684785.7947629156,-1895438.6081247376,228767223.8881977,-4689329993.791896,-4133558.2760645873,-53639276.44506954,2948441614.979466,-98194235881.24248,0.2082156719133343,0.0026655303278975,0.0056449080475758,0.0008280932195053,1.7615565918944617e-06,4.263694590182138e-05,3.2001459851513904e-07,67,1.2881872887125747,3.900616921889942,5.0247251369157935,Crystal,"../Images/Additional/L2 2.5, 5, 10 nM/L2 10nM/L2_10nM_05.bmp",67
67,67,67,67,67,337491.2835999999,655.5205933324671,1.5564365470188042,1120.866939839209,412.9432866555534,2919.901572831486,104.0,181.96800208116545,209.0,0.9550310559006212,0.9296617578473848,26.93054110301769,60.78251821019771,1183.331212340822,3844.0,233648.0,17638994.0,1488372716.0,103521.0,6334928.0,492860100.0,43089560654.0,3255111.0,201539046.0,15965143622.0,1422018163224.0,111180525.0,6957496820.0,557410214316.0,50195981779478.0,3844.0,-3.4845015761675307e-11,3437280.185223724,-1622848.9183938038,2.680167199287098e-11,42660.93236212288,12646369.270788118,228009235.5258892,467234.4544745056,1387438.3813427114,317048518.55748016,2502315217.0235004,-1647128.9423284614,-5248905.664092263,2114385688.3847487,33838521783.533573,0.2642410567611774,0.0404344013652084,0.0019069932954992,0.0001442139847191,-7.53810778962067e-08,-2.899611697411268e-05,6.1128850020044535e-09,68,2.714336268588265,2.6050385367333195,7.070950581325352,Crystal,"../Images/Additional/L2 2.5, 5, 10 nM/L2 10nM/L2_10nM_05.bmp",68
68,68,68,68,68,151361.85559999995,438.99874728114366,-0.9344701188938072,589.8283493085355,350.9819175630115,2103.103934990359,116.0,155.78016241299304,184.0,0.8455125061304561,0.8036829599528024,24.644431554524363,32.76740139211137,636.7464834610395,1724.0,56491.0,2180641.0,92100157.0,42487.0,1260383.0,45757841.0,1849983827.0,1295637.0,36053943.0,1253305265.0,48854038119.0,43695973.0,1163248619.0,39175386641.0,1483216075175.0,1724.0,-3.865352482534945e-12,329577.72795823665,-952593.342910377,-9.51416723182774e-12,-131805.5829466358,655036.014777724,-59603683.47779042,248569.03654292345,95832.6973940991,49191672.09896199,-282318136.8048218,-485949.5813215642,-35484520.3624879,95154676.6242676,-14461299010.919,0.1945196934842217,0.0086093181962984,0.0004954528215919,5.0075699323260674e-05,6.8533610543720486e-09,2.9498485588581688e-06,3.904454106222082e-09,69,1.6805092222525797,3.565620298610365,5.992057794865715,Crystal,"../Images/Additional/L2 2.5, 5, 10 nM/L2 10nM/L2_10nM_05.bmp",69
